,Name,Train Acc,Test Acc,Training Time (s)
0,Naive,,,
1,Naive Bayes,0.9287545645249009,0.9211466749533872,1.9910281136064243
2,Logistic Regression,0.3811669644938233,0.17984773151025482,27.565423714350302
3,Multi Layer Perceptron,0.9952995105275425,0.9805779987569919,205.42669198766114
4,0.0,0.0,0.0,0.0
5,0.0,0.0,0.0,0.0
6,0.0,0.0,0.0,0.0
7,0.0,0.0,0.0,0.0
