,Name,Train Acc,Test Acc,Training Time (s)
0,Naive,,,
1,Naive Bayes,0.5416896859461986,0.5277281998980112,0.09464603735872326
2,Logistic Regression,0.5453231906846288,0.5315527791942887,1.5910425546142917
3,Multi Layer Perceptron,0.5461306361820577,0.5336562978072412,14.179664599387161
4,Linear SVM,0.5419446687348604,0.5367797042325344,1372.1573778575862
5,RBF Kernel SVM,0.6519697420424121,0.5304691483936766,353.0810903617348
6,0.0,0.0,0.0,0.0
7,0.0,0.0,0.0,0.0
