,Name,Train Acc,Test Acc,Training Time (s)
0,Naive,,,
1,Naive Bayes,0.5167472375690608,0.5023824321524757,1.7398874996256415
2,Logistic Regression,0.6396063535911602,0.5325253780816241,7.985854786640262
3,Multi Layer Perceptron,0.6227555248618785,0.5406049305987155,68.10999863384784
4,0.0,0.0,0.0,0.0
5,0.0,0.0,0.0,0.0
6,0.0,0.0,0.0,0.0
7,0.0,0.0,0.0,0.0
