,Name,Train Acc,Test Acc,Training Time (s)
0,Naive,,,
1,Naive Bayes,0.5617677365187193,0.5179164281625644,1.372391336543996
2,Logistic Regression,0.6457275884440713,0.5370349170005724,4.106257920503072
3,Multi Layer Perceptron,0.6054268595199023,0.5447052089295936,40.256467376655536
4,0.0,0.0,0.0,0.0
5,0.0,0.0,0.0,0.0
6,0.0,0.0,0.0,0.0
7,0.0,0.0,0.0,0.0
