,Name,Train Acc,Test Acc,Training Time (s)
0,Naive,,,
1,Naive Bayes,0.5167472375690608,0.5023824321524757,1.2613457296257686
2,Logistic Regression,0.6396063535911602,0.5325253780816241,5.161649852328387
3,0.0,0.0,0.0,0.0
4,0.0,0.0,0.0,0.0
5,0.0,0.0,0.0,0.0
6,0.0,0.0,0.0,0.0
7,0.0,0.0,0.0,0.0
